{
    "__createdwith": "opl's Model Creator",
    "ambientocclusion": false,
    "textures": {
        "particle": "blocks/birch_fence_1",
        "birch_fence_1": "blocks/birch_fence_1",
        "birch_fence_2": "blocks/birch_fence_2"
    },
    "elements": [
        {
            "from": [6,0,6],
            "to": [10,16,10],
            "faces": {
                "up": {
                    "texture": "#birch_fence_2"
                },
                "down": {
                    "texture": "#birch_fence_2"
                },
                "west": {
                    "texture": "#birch_fence_1"
                },
                "east": {
                    "texture": "#birch_fence_1"
                },
                "north": {
                    "texture": "#birch_fence_1"
                },
                "south": {
                    "texture": "#birch_fence_1"
                }
            }
        },
        {
            "from": [7,11,0],
            "to": [9,14,6],
            "faces": {
                "up": {
                    "texture": "#birch_fence_2"
                },
                "down": {
                    "uv": [7,10,9,16],
                    "texture": "#birch_fence_2"
                },
                "west": {
                    "texture": "#birch_fence_1"
                },
                "east": {
                    "uv": [10,2,16,5],
                    "texture": "#birch_fence_1"
                },
                "north": {
                    "uv": [14,2,16,5],
                    "texture": "#birch_fence_1"
                }
            }
        },
        {
            "from": [7,7,0],
            "to": [9,10,6],
            "faces": {
                "up": {
                    "texture": "#birch_fence_2"
                },
                "down": {
                    "uv": [7,10,9,16],
                    "texture": "#birch_fence_2"
                },
                "west": {
                    "texture": "#birch_fence_1"
                },
                "east": {
                    "uv": [10,2,16,5],
                    "texture": "#birch_fence_1"
                },
                "north": {
                    "uv": [14,2,16,5],
                    "texture": "#birch_fence_1"
                }
            }
        },
        {
            "from": [7,3,0],
            "to": [9,6,6],
            "faces": {
                "up": {
                    "texture": "#birch_fence_2"
                },
                "down": {
                    "uv": [7,10,9,16],
                    "texture": "#birch_fence_2"
                },
                "west": {
                    "texture": "#birch_fence_1"
                },
                "east": {
                    "uv": [10,2,16,5],
                    "texture": "#birch_fence_1"
                },
                "north": {
                    "uv": [14,2,16,5],
                    "texture": "#birch_fence_1"
                }
            }
        },
        {
            "from": [10,3,7],
            "to": [16,6,9],
            "faces": {
                "up": {
                    "texture": "#birch_fence_2"
                },
                "down": {
                    "texture": "#birch_fence_2"
                },
                "east": {
                    "uv": [14,2,16,5],
                    "texture": "#birch_fence_1"
                },
                "north": {
                    "uv": [0,2,6,5],
                    "texture": "#birch_fence_1"
                },
                "south": {
                    "texture": "#birch_fence_1"
                }
            }
        },
        {
            "from": [10,7,7],
            "to": [16,10,9],
            "faces": {
                "up": {
                    "texture": "#birch_fence_2"
                },
                "down": {
                    "texture": "#birch_fence_2"
                },
                "east": {
                    "uv": [14,2,16,5],
                    "texture": "#birch_fence_1"
                },
                "north": {
                    "uv": [0,2,6,5],
                    "texture": "#birch_fence_1"
                },
                "south": {
                    "texture": "#birch_fence_1"
                }
            }
        },
        {
            "from": [10,11,7],
            "to": [16,14,9],
            "faces": {
                "up": {
                    "texture": "#birch_fence_2"
                },
                "down": {
                    "texture": "#birch_fence_2"
                },
                "east": {
                    "uv": [14,2,16,5],
                    "texture": "#birch_fence_1"
                },
                "north": {
                    "uv": [0,2,6,5],
                    "texture": "#birch_fence_1"
                },
                "south": {
                    "texture": "#birch_fence_1"
                }
            }
        }
    ]
}