{
    "__createdwith": "opl's Model Creator",
    "ambientocclusion": false,
    "textures": {
        "particle": "blocks/birch_fence_1",
        "birch_fence_1": "blocks/birch_fence_1",
        "birch_fence_2": "blocks/birch_fence_2"
    },
    "elements": [
        {
            "from": [6,0,12],
            "to": [10,16,16],
            "faces": {
                "up": {
                    "uv": [6,6,10,10],
                    "texture": "#birch_fence_2"
                },
                "down": {
                    "uv": [6,6,10,10],
                    "texture": "#birch_fence_2"
                },
                "west": {
                    "uv": [6,0,10,16],
                    "texture": "#birch_fence_1"
                },
                "east": {
                    "uv": [6,0,10,16],
                    "texture": "#birch_fence_1"
                },
                "north": {
                    "texture": "#birch_fence_1"
                },
                "south": {
                    "texture": "#birch_fence_1"
                }
            }
        },
        {
            "from": [7,11,8],
            "to": [9,14,12],
            "faces": {
                "up": {
                    "uv": [7,2,9,6],
                    "texture": "#birch_fence_2"
                },
                "down": {
                    "uv": [7,10,9,14],
                    "texture": "#birch_fence_2"
                },
                "west": {
                    "uv": [2,2,6,5],
                    "texture": "#birch_fence_1"
                },
                "east": {
                    "uv": [10,2,14,5],
                    "texture": "#birch_fence_1"
                },
                "north": {
                    "uv": [14,2,16,5],
                    "texture": "#birch_fence_1"
                }
            }
        },
        {
            "from": [7,7,8],
            "to": [9,10,12],
            "faces": {
                "up": {
                    "uv": [7,2,9,6],
                    "texture": "#birch_fence_2"
                },
                "down": {
                    "uv": [7,10,9,14],
                    "texture": "#birch_fence_2"
                },
                "west": {
                    "uv": [2,6,6,9],
                    "texture": "#birch_fence_1"
                },
                "east": {
                    "uv": [10,2,14,5],
                    "texture": "#birch_fence_1"
                },
                "north": {
                    "uv": [14,2,16,5],
                    "texture": "#birch_fence_1"
                }
            }
        },
        {
            "from": [7,3,8],
            "to": [9,6,12],
            "faces": {
                "up": {
                    "uv": [7,2,9,6],
                    "texture": "#birch_fence_2"
                },
                "down": {
                    "uv": [7,10,9,14],
                    "texture": "#birch_fence_2"
                },
                "west": {
                    "uv": [2,10,6,13],
                    "texture": "#birch_fence_1"
                },
                "east": {
                    "uv": [10,2,14,5],
                    "texture": "#birch_fence_1"
                },
                "north": {
                    "uv": [14,2,16,5],
                    "texture": "#birch_fence_1"
                }
            }
        },
        {
            "from": [7,11,4],
            "to": [9,14,8],
            "faces": {
                "up": {
                    "uv": [7,10,9,14],
                    "texture": "#birch_fence_2"
                },
                "down": {
                    "uv": [7,2,9,6],
                    "texture": "#birch_fence_2"
                },
                "west": {
                    "uv": [10,2,14,5],
                    "texture": "#birch_fence_1"
                },
                "east": {
                    "uv": [2,2,6,5],
                    "texture": "#birch_fence_1"
                },
                "south": {
                    "uv": [14,2,16,5],
                    "texture": "#birch_fence_1"
                }
            }
        },
        {
            "from": [7,7,4],
            "to": [9,10,8],
            "faces": {
                "up": {
                    "uv": [7,10,9,14],
                    "texture": "#birch_fence_2"
                },
                "down": {
                    "uv": [7,2,9,6],
                    "texture": "#birch_fence_2"
                },
                "west": {
                    "uv": [10,6,14,9],
                    "texture": "#birch_fence_1"
                },
                "east": {
                    "uv": [2,2,6,5],
                    "texture": "#birch_fence_1"
                },
                "south": {
                    "uv": [14,2,16,5],
                    "texture": "#birch_fence_1"
                }
            }
        },
        {
            "from": [7,3,4],
            "to": [9,6,8],
            "faces": {
                "up": {
                    "uv": [7,10,9,14],
                    "texture": "#birch_fence_2"
                },
                "down": {
                    "uv": [7,2,9,6],
                    "texture": "#birch_fence_2"
                },
                "west": {
                    "uv": [10,10,14,13],
                    "texture": "#birch_fence_1"
                },
                "east": {
                    "uv": [2,2,6,5],
                    "texture": "#birch_fence_1"
                },
                "south": {
                    "uv": [14,2,16,5],
                    "texture": "#birch_fence_1"
                }
            }
        },
        {
            "from": [6,0,0],
            "to": [10,16,4],
            "faces": {
                "up": {
                    "uv": [6,6,10,10],
                    "texture": "#birch_fence_2"
                },
                "down": {
                    "uv": [6,6,10,10],
                    "texture": "#birch_fence_2"
                },
                "west": {
                    "uv": [6,0,10,16],
                    "texture": "#birch_fence_1"
                },
                "east": {
                    "uv": [6,0,10,16],
                    "texture": "#birch_fence_1"
                },
                "north": {
                    "texture": "#birch_fence_1"
                },
                "south": {
                    "texture": "#birch_fence_1"
                }
            }
        },
        {
            "from": [7,11,16],
            "to": [9,14,17],
            "faces": {
                "up": {
                    "uv": [7,10,9,11],
                    "texture": "#birch_fence_2"
                },
                "down": {
                    "uv": [7,10,9,11],
                    "texture": "#birch_fence_2"
                },
                "west": {
                    "uv": [10,2,11,5],
                    "texture": "#birch_fence_1"
                },
                "east": {
                    "uv": [10,2,11,5],
                    "texture": "#birch_fence_1"
                },
                "south": {
                    "uv": [10,2,11,5],
                    "texture": "#birch_fence_1"
                }
            }
        },
        {
            "from": [7,7,16],
            "to": [9,10,17],
            "faces": {
                "up": {
                    "uv": [7,10,9,11],
                    "texture": "#birch_fence_2"
                },
                "down": {
                    "uv": [7,10,9,11],
                    "texture": "#birch_fence_2"
                },
                "west": {
                    "uv": [10,2,11,5],
                    "texture": "#birch_fence_1"
                },
                "east": {
                    "uv": [10,2,11,5],
                    "texture": "#birch_fence_1"
                },
                "south": {
                    "uv": [10,2,11,5],
                    "texture": "#birch_fence_1"
                }
            }
        },
        {
            "from": [7,3,16],
            "to": [9,6,17],
            "faces": {
                "up": {
                    "uv": [7,10,9,11],
                    "texture": "#birch_fence_2"
                },
                "down": {
                    "uv": [7,10,9,11],
                    "texture": "#birch_fence_2"
                },
                "west": {
                    "uv": [10,2,11,5],
                    "texture": "#birch_fence_1"
                },
                "east": {
                    "uv": [10,2,11,5],
                    "texture": "#birch_fence_1"
                },
                "south": {
                    "uv": [10,2,11,5],
                    "texture": "#birch_fence_1"
                }
            }
        },
        {
            "from": [7,11,-1],
            "to": [9,14,0],
            "faces": {
                "up": {
                    "uv": [7,5,9,6],
                    "texture": "#birch_fence_2"
                },
                "down": {
                    "uv": [7,5,9,6],
                    "texture": "#birch_fence_2"
                },
                "west": {
                    "uv": [10,2,11,5],
                    "texture": "#birch_fence_1"
                },
                "east": {
                    "uv": [10,2,11,5],
                    "texture": "#birch_fence_1"
                },
                "north": {
                    "uv": [10,2,11,5],
                    "texture": "#birch_fence_1"
                }
            }
        },
        {
            "from": [7,7,-1],
            "to": [9,10,0],
            "faces": {
                "up": {
                    "uv": [7,5,9,6],
                    "texture": "#birch_fence_2"
                },
                "down": {
                    "uv": [7,5,9,6],
                    "texture": "#birch_fence_2"
                },
                "west": {
                    "uv": [10,2,11,5],
                    "texture": "#birch_fence_1"
                },
                "east": {
                    "uv": [10,2,11,5],
                    "texture": "#birch_fence_1"
                },
                "north": {
                    "uv": [10,2,11,5],
                    "texture": "#birch_fence_1"
                }
            }
        },
        {
            "from": [7,3,-1],
            "to": [9,6,0],
            "faces": {
                "up": {
                    "uv": [7,5,9,6],
                    "texture": "#birch_fence_2"
                },
                "down": {
                    "uv": [7,5,9,6],
                    "texture": "#birch_fence_2"
                },
                "west": {
                    "uv": [10,2,11,5],
                    "texture": "#birch_fence_1"
                },
                "east": {
                    "uv": [10,2,11,5],
                    "texture": "#birch_fence_1"
                },
                "north": {
                    "uv": [10,2,11,5],
                    "texture": "#birch_fence_1"
                }
            }
        }
    ]
}