{
    "__createdwith": "opl's Model Creator",
    "ambientocclusion": false,
    "textures": {
        "darkoak_fence_1": "blocks/darkoak_fence_1",
        "darkoak_fence_2": "blocks/darkoak_fence_2"
    },
    "elements": [
        {
            "from": [6,0,0],
            "to": [10,16,4],
            "faces": {
                "up": {
                    "uv": [6,6,10,10],
                    "texture": "#darkoak_fence_2"
                },
                "down": {
                    "uv": [6,6,10,10],
                    "texture": "#darkoak_fence_2"
                },
                "west": {
                    "uv": [6,0,10,16],
                    "texture": "#darkoak_fence_1"
                },
                "east": {
                    "uv": [6,0,10,16],
                    "texture": "#darkoak_fence_1"
                },
                "north": {
                    "uv": [6,11,10,16],
                    "texture": "#darkoak_fence_1"
                },
                "south": {
                    "texture": "#darkoak_fence_1"
                }
            }
        },
        {
            "from": [7,5,8],
            "to": [9,14,12],
            "faces": {
                "up": {
                    "uv": [7,2,9,6],
                    "texture": "#darkoak_fence_2"
                },
                "down": {
                    "uv": [7,10,9,16],
                    "texture": "#darkoak_fence_2"
                },
                "west": {
                    "uv": [2,2,6,11],
                    "texture": "#darkoak_fence_1"
                },
                "east": {
                    "uv": [10,2,16,11],
                    "texture": "#darkoak_fence_1"
                }
            }
        },
        {
            "from": [7,5,4],
            "to": [9,14,8],
            "faces": {
                "up": {
                    "uv": [7,10,9,14],
                    "texture": "#darkoak_fence_2"
                },
                "down": {
                    "uv": [7,0,9,6],
                    "texture": "#darkoak_fence_2"
                },
                "west": {
                    "uv": [10,2,14,11],
                    "texture": "#darkoak_fence_1"
                },
                "east": {
                    "uv": [0,2,6,11],
                    "texture": "#darkoak_fence_1"
                }
            }
        },
        {
            "from": [6,0,12],
            "to": [10,16,16],
            "faces": {
                "up": {
                    "uv": [6,6,10,10],
                    "texture": "#darkoak_fence_2"
                },
                "down": {
                    "uv": [6,6,10,10],
                    "texture": "#darkoak_fence_2"
                },
                "west": {
                    "uv": [6,0,10,16],
                    "texture": "#darkoak_fence_1"
                },
                "east": {
                    "uv": [6,0,10,16],
                    "texture": "#darkoak_fence_1"
                },
                "north": {
                    "uv": [6,11,10,16],
                    "texture": "#darkoak_fence_1"
                },
                "south": {
                    "texture": "#darkoak_fence_1"
                }
            }
        },
        {
            "from": [7,5,16],
            "to": [9,14,18],
            "faces": {
                "up": {
                    "uv": [7,10,9,12],
                    "texture": "#darkoak_fence_2"
                },
                "down": {
                    "uv": [7,4,9,6],
                    "texture": "#darkoak_fence_2"
                },
                "west": {
                    "uv": [10,2,12,11],
                    "texture": "#darkoak_fence_1"
                },
                "east": {
                    "uv": [4,2,6,11],
                    "texture": "#darkoak_fence_1"
                },
                "south": {
                    "uv": [3,2,5,11],
                    "texture": "#darkoak_fence_1"
                }
            }
        },
        {
            "from": [7,5,-2],
            "to": [9,14,0],
            "faces": {
                "up": {
                    "uv": [7,4,9,6],
                    "texture": "#darkoak_fence_2"
                },
                "down": {
                    "uv": [7,10,9,12],
                    "texture": "#darkoak_fence_2"
                },
                "west": {
                    "uv": [4,2,6,11],
                    "texture": "#darkoak_fence_1"
                },
                "east": {
                    "uv": [10,2,12,11],
                    "texture": "#darkoak_fence_1"
                },
                "north": {
                    "uv": [12,2,14,11],
                    "texture": "#darkoak_fence_1"
                }
            }
        }
    ]
}