{
    "__createdwith": "opl's Model Creator",
    "ambientocclusion": false,
    "textures": {
        "particle": "blocks/darkoak_fence_1",
        "darkoak_fence_1": "blocks/darkoak_fence_1",
        "darkoak_fence_2": "blocks/darkoak_fence_2"
    },
    "elements": [
        {
            "from": [6,0,6],
            "to": [10,16,10],
            "faces": {
                "up": {
                    "texture": "#darkoak_fence_2"
                },
                "down": {
                    "texture": "#darkoak_fence_2"
                },
                "west": {
                    "texture": "#darkoak_fence_1"
                },
                "east": {
                    "texture": "#darkoak_fence_1"
                },
                "north": {
                    "uv": [6,11,10,16],
                    "texture": "#darkoak_fence_1"
                },
                "south": {
                    "uv": [6,11,10,16],
                    "texture": "#darkoak_fence_1"
                }
            }
        },
        {
            "from": [7,5,0],
            "to": [9,14,6],
            "faces": {
                "up": {
                    "texture": "#darkoak_fence_2"
                },
                "down": {
                    "uv": [7,10,9,16],
                    "texture": "#darkoak_fence_2"
                },
                "west": {
                    "texture": "#darkoak_fence_1"
                },
                "east": {
                    "uv": [10,2,16,11],
                    "texture": "#darkoak_fence_1"
                }
            }
        }
    ]
}