{
    "__createdwith": "opl's Model Creator",
    "ambientocclusion": false,
    "textures": {
        "top": "blocks/enchanting_table_top",
        "top3": "blocks/enchanting_table_top_3",
        "particle": "blocks/enchanting_table_top_2",
        "top2": "blocks/enchanting_table_top_2",
        "table": "blocks/enchanting_table"
    },
    "elements": [
        {
            "from": [5,0,5],
            "to": [11,2,11],
            "faces": {
                "up": {
                    "uv": [10,8,16,14],
                    "texture": "#table"
                },
                "down": {
                    "uv": [10,8,16,14],
                    "texture": "#table"
                },
                "west": {
                    "texture": "#table"
                },
                "east": {
                    "texture": "#table"
                },
                "north": {
                    "texture": "#table"
                },
                "south": {
                    "texture": "#table"
                }
            }
        },
        {
            "from": [7,2,7],
            "to": [9,8,9],
            "faces": {
                "west": {
                    "texture": "#table"
                },
                "east": {
                    "texture": "#table"
                },
                "north": {
                    "texture": "#table"
                },
                "south": {
                    "texture": "#table"
                }
            }
        },
        {
            "from": [5,8,5],
            "to": [11,10,11],
            "faces": {
                "up": {
                    "uv": [10,8,16,14],
                    "texture": "#table"
                },
                "down": {
                    "uv": [10,8,16,14],
                    "texture": "#table"
                },
                "west": {
                    "texture": "#table"
                },
                "east": {
                    "texture": "#table"
                },
                "north": {
                    "texture": "#table"
                },
                "south": {
                    "texture": "#table"
                }
            }
        },
        {
            "from": [0,10,0],
            "to": [16,12,16],
            "faces": {
                "up": {
                    "texture": "#top2"
                },
                "down": {
                    "texture": "#top"
                },
                "west": {
                    "texture": "#top3"
                },
                "east": {
                    "texture": "#top3"
                },
                "north": {
                    "texture": "#top3"
                },
                "south": {
                    "texture": "#top3"
                }
            }
        },
        {
            "from": [3,1,0],
            "to": [13,10,0],
            "faces": {
                "north": {
                    "texture": "#top3"
                }
            }
        },
        {
            "from": [3,1,16],
            "to": [13,10,16],
            "faces": {
                "south": {
                    "texture": "#top3"
                }
            }
        },
        {
            "from": [16,1,3],
            "to": [16,10,13],
            "faces": {
                "east": {
                    "texture": "#top3"
                }
            }
        },
        {
            "from": [0,1,3],
            "to": [0,10,13],
            "faces": {
                "west": {
                    "texture": "#top3"
                }
            }
        }
    ]
}