{
    "__createdwith": "opl's Model Creator",
    "ambientocclusion": false,
    "textures": {
        "particle": "blocks/ladder",
        "ladder_1": "blocks/ladder_1",
        "ladder_2": "blocks/ladder_2"
    },
    "elements": [
        {
            "from": [0,0,15.75],
            "to": [16,16,15.75],
            "faces": {
                "north": {
                    "uv": [0,0,16,16],
                    "texture": "#ladder_2"
                },
                "south": {
                    "texture": "#ladder_2"
                }
            }
        },
        {
            "from": [0,0,14.75],
            "to": [16,16,14.75],
            "faces": {
                "north": {
                    "uv": [0,0,16,16],
                    "texture": "#ladder_1"
                },
                "south": {
                    "texture": "#ladder_1"
                }
            }
        }
    ]
}