{
    "__createdwith": "opl's Model Creator",
    "ambientocclusion": false,
    "textures": {
	    "particle": "blocks/ladder",
        "oak_fence_1": "blocks/oak_fence_1",
        "oak_fence_2": "blocks/oak_fence_2"
    },
    "elements": [
        {
            "from": [6,0,6],
            "to": [10,16,10],
            "faces": {
                "up": {
                    "texture": "#oak_fence_2"
                },
                "down": {
                    "texture": "#oak_fence_2"
                },
                "west": {
                    "uv": [6,11,10,16],
                    "texture": "#oak_fence_1"
                },
                "east": {
                    "uv": [6,11,10,16],
                    "texture": "#oak_fence_1"
                },
                "north": {
                    "uv": [6,11,10,16],
                    "texture": "#oak_fence_1"
                },
                "south": {
                    "uv": [6,11,10,16],
                    "texture": "#oak_fence_1"
                }
            }
        }
    ]
}