{
    "__createdwith": "opl's Model Creator",
    "ambientocclusion": false,
    "textures": {
	    "particle": "blocks/ladder",
        "oak_fence_1": "blocks/oak_fence_1",
        "oak_fence_2": "blocks/oak_fence_2"
    },
    "elements": [
        {
            "from": [6,0,6],
            "to": [10,16,10],
            "faces": {
                "up": {
                    "uv": [6,6,10,10],
                    "texture": "#oak_fence_2"
                },
                "down": {
                    "uv": [6,6,10,10],
                    "texture": "#oak_fence_2"
                },
                "west": {
                    "uv": [6,0,10,16],
                    "texture": "#oak_fence_1"
                },
                "east": {
                    "uv": [6,0,10,16],
                    "texture": "#oak_fence_1"
                },
                "north": {
                    "uv": [6,0,10,16],
                    "texture": "#oak_fence_1"
                },
                "south": {
                    "uv": [6,0,10,16],
                    "texture": "#oak_fence_1"
                }
            }
        },
        {
            "from": [7,11,0],
            "to": [9,14,6],
            "faces": {
                "up": {
                    "uv": [7,0,9,6],
                    "texture": "#oak_fence_2"
                },
                "down": {
                    "uv": [7,10,9,16],
                    "texture": "#oak_fence_2"
                },
                "west": {
                    "uv": [0,2,6,5],
                    "texture": "#oak_fence_1"
                },
                "east": {
                    "uv": [10,2,16,5],
                    "texture": "#oak_fence_1"
                }
            }
        },
        {
            "from": [7,5,0],
            "to": [9,8,6],
            "faces": {
                "up": {
                    "uv": [7,0,9,6],
                    "texture": "#oak_fence_2"
                },
                "down": {
                    "uv": [7,10,9,16],
                    "texture": "#oak_fence_2"
                },
                "west": {
                    "uv": [0,8,6,11],
                    "texture": "#oak_fence_1"
                },
                "east": {
                    "uv": [10,8,16,11],
                    "texture": "#oak_fence_1"
                }
            }
        },
        {
            "from": [7,11,10],
            "to": [9,14,16],
            "faces": {
                "up": {
                    "uv": [7,10,9,16],
                    "texture": "#oak_fence_2"
                },
                "down": {
                    "uv": [7,0,9,6],
                    "texture": "#oak_fence_2"
                },
                "west": {
                    "uv": [10,2,16,5],
                    "texture": "#oak_fence_1"
                },
                "east": {
                    "uv": [0,2,6,5],
                    "texture": "#oak_fence_1"
                }
            }
        },
        {
            "from": [7,5,10],
            "to": [9,8,16],
            "faces": {
                "up": {
                    "uv": [7,10,9,16],
                    "texture": "#oak_fence_2"
                },
                "down": {
                    "uv": [7,0,9,6],
                    "texture": "#oak_fence_2"
                },
                "west": {
                    "uv": [10,8,16,11],
                    "texture": "#oak_fence_1"
                },
                "east": {
                    "uv": [0,8,6,11],
                    "texture": "#oak_fence_1"
                }
            }
        }
    ]
}