{
    "__createdwith": "opl's Model Creator",
    "ambientocclusion": false,
    "textures": {
        "particle": "blocks/ladder",
        "oak_fence_1": "blocks/oak_fence_1",
        "oak_fence_2": "blocks/oak_fence_2"
    },
    "elements": [
        {
            "from": [6,0,0],
            "to": [10,16,4],
            "faces": {
                "up": {
                    "uv": [6,6,10,10],
                    "texture": "#oak_fence_2"
                },
                "down": {
                    "uv": [6,6,10,10],
                    "texture": "#oak_fence_2"
                },
                "west": {
                    "uv": [6,0,10,16],
                    "texture": "#oak_fence_1"
                },
                "east": {
                    "uv": [6,0,10,16],
                    "texture": "#oak_fence_1"
                },
                "north": {
                    "texture": "#oak_fence_1"
                },
                "south": {
                    "texture": "#oak_fence_1"
                }
            }
        },
        {
            "from": [7,11,10],
            "to": [9,14,12],
            "faces": {
                "up": {
                    "uv": [7,4,9,6],
                    "texture": "#oak_fence_2"
                },
                "down": {
                    "uv": [7,10,9,12],
                    "texture": "#oak_fence_2"
                },
                "west": {
                    "uv": [4,2,6,5],
                    "texture": "#oak_fence_1"
                },
                "east": {
                    "uv": [10,2,12,5],
                    "texture": "#oak_fence_1"
                }
            }
        },
        {
            "from": [7,5,10],
            "to": [9,8,12],
            "faces": {
                "up": {
                    "uv": [7,4,9,6],
                    "texture": "#oak_fence_2"
                },
                "down": {
                    "uv": [7,10,9,12],
                    "texture": "#oak_fence_2"
                },
                "west": {
                    "uv": [4,8,6,11],
                    "texture": "#oak_fence_1"
                },
                "east": {
                    "uv": [10,8,12,11],
                    "texture": "#oak_fence_1"
                }
            }
        },
        {
            "from": [7,11,4],
            "to": [9,14,10],
            "faces": {
                "up": {
                    "uv": [7,10,9,16],
                    "texture": "#oak_fence_2"
                },
                "down": {
                    "uv": [7,0,9,6],
                    "texture": "#oak_fence_2"
                },
                "west": {
                    "uv": [10,2,16,5],
                    "texture": "#oak_fence_1"
                },
                "east": {
                    "uv": [0,2,6,5],
                    "texture": "#oak_fence_1"
                }
            }
        },
        {
            "from": [7,5,4],
            "to": [9,8,10],
            "faces": {
                "up": {
                    "uv": [7,10,9,16],
                    "texture": "#oak_fence_2"
                },
                "down": {
                    "uv": [7,0,9,6],
                    "texture": "#oak_fence_2"
                },
                "west": {
                    "uv": [10,8,16,11],
                    "texture": "#oak_fence_1"
                },
                "east": {
                    "uv": [0,8,6,11],
                    "texture": "#oak_fence_1"
                }
            }
        },
        {
            "from": [6,0,12],
            "to": [10,16,16],
            "faces": {
                "up": {
                    "uv": [6,6,10,10],
                    "texture": "#oak_fence_2"
                },
                "down": {
                    "uv": [6,6,10,10],
                    "texture": "#oak_fence_2"
                },
                "west": {
                    "uv": [6,0,10,16],
                    "texture": "#oak_fence_1"
                },
                "east": {
                    "uv": [6,0,10,16],
                    "texture": "#oak_fence_1"
                },
                "north": {
                    "texture": "#oak_fence_1"
                },
                "south": {
                    "texture": "#oak_fence_1"
                }
            }
        },
        {
            "from": [7,5,16],
            "to": [9,8,17],
            "faces": {
                "up": {
                    "uv": [11,8,13,9],
                    "texture": "#oak_fence_1"
                },
                "down": {
                    "uv": [11,8,13,9],
                    "texture": "#oak_fence_1"
                },
                "west": {
                    "uv": [11,8,12,11],
                    "texture": "#oak_fence_1"
                },
                "east": {
                    "uv": [11,8,12,11],
                    "texture": "#oak_fence_1"
                },
                "south": {
                    "uv": [11,8,13,11],
                    "texture": "#oak_fence_1"
                }
            }
        },
        {
            "from": [7,11,16],
            "to": [9,14,17],
            "faces": {
                "up": {
                    "uv": [11,2,13,3],
                    "texture": "#oak_fence_1"
                },
                "down": {
                    "uv": [11,2,13,3],
                    "texture": "#oak_fence_1"
                },
                "west": {
                    "uv": [11,2,12,5],
                    "texture": "#oak_fence_1"
                },
                "east": {
                    "uv": [11,2,12,5],
                    "texture": "#oak_fence_1"
                },
                "south": {
                    "uv": [11,2,13,5],
                    "texture": "#oak_fence_1"
                }
            }
        },
        {
            "from": [7,5,-1],
            "to": [9,8,0],
            "faces": {
                "up": {
                    "uv": [4,8,5,9],
                    "texture": "#oak_fence_1"
                },
                "down": {
                    "uv": [4,8,5,9],
                    "texture": "#oak_fence_1"
                },
                "west": {
                    "uv": [4,8,5,11],
                    "texture": "#oak_fence_1"
                },
                "east": {
                    "uv": [4,8,5,11],
                    "texture": "#oak_fence_1"
                },
                "north": {
                    "uv": [3,8,5,11],
                    "texture": "#oak_fence_1"
                }
            }
        },
        {
            "from": [7,11,-1],
            "to": [9,14,0],
            "faces": {
                "up": {
                    "uv": [3,2,5,3],
                    "texture": "#oak_fence_1"
                },
                "down": {
                    "uv": [3,2,5,3],
                    "texture": "#oak_fence_1"
                },
                "west": {
                    "uv": [4,2,5,5],
                    "texture": "#oak_fence_1"
                },
                "east": {
                    "uv": [4,2,5,5],
                    "texture": "#oak_fence_1"
                },
                "north": {
                    "uv": [3,2,5,5],
                    "texture": "#oak_fence_1"
                }
            }
        }
    ]
}